[
  {
    "title": 'Champions <br class="hidden-xs"/>Sportive',
    "description": "A multi-city event conducted to crown a new Cycling Sportive Champion. A static front-end website.",
    "applink": "https://www.championssportive.com/"
  }, {
    "title": 'Wonderful Bakery <br/>[Demo Website]',
    "description": "A portfolio frontend website built with Jekyll with some scroll effects for images and background HTML5 Video display.",
    "applink": "https://wonderfulbakery.netlify.com/"
  },
  {
    "title": 'Dawg Weather <br class="hidden-xs"/>App',
    "description": "Node Js/Express JS baseb web application, powered by MapBox API, DarkSky API and FormCarry.",
    "applink": "https://dawgweather.herokuapp.com/"
  },
  {
    "title": "Jekyll Lava Boilerplate",
    "description": "For all you Jekyll Developers and Lovers out there. This is a simple boiler plate project that you can use to start building static front-end sites with.",
    "applink": "https://jekyll-lava-boilerplater.netlify.com/"
  },
  {
    "title": "Rotating Jumbotron Text",
    "description": "Inspired by a Codepen Project, a jumbotron section which has a rotating heading text. Displays video on backgroun on desktop.",
    "applink": "https://sricharankrishnan.github.io/rotating-jumbotron-text/"
  },
  {
    "title": "Click-To-Play Youtube Video",
    "description": "Client side javascript project that helps in playing youtube videos on your web application.",
    "applink": "https://sricharankrishnan.github.io/click-image-play-youtube-video/"
  }
]
